id	status	reason	file
6WaRXXxl6g4	ok		./dslab/metadata/6WaRXXxl6g4.json
yXYGhRCSEL4	ok		./dslab/metadata/yXYGhRCSEL4.json
hrRU2C5r5kA	ok		./dslab/metadata/hrRU2C5r5kA.json
vQbhFORULJc	ok		./dslab/metadata/vQbhFORULJc.json
ml3jZ4YFB_g	ok		./dslab/metadata/ml3jZ4YFB_g.json
jVqArueBFqA	ok		./dslab/metadata/jVqArueBFqA.json
Vf_jmY1tMWo	ok		./dslab/metadata/Vf_jmY1tMWo.json
tFBDWLZpJuA	ok		./dslab/metadata/tFBDWLZpJuA.json
Vf5Irv-zWl8	ok		./dslab/metadata/Vf5Irv-zWl8.json
t146uZt-dP4	ok		./dslab/metadata/t146uZt-dP4.json
W9yiDm8Y8tA	ok		./dslab/metadata/W9yiDm8Y8tA.json
BodTJqx05Ws	ok		./dslab/metadata/BodTJqx05Ws.json
N_oT_8xVRXg	ok		./dslab/metadata/N_oT_8xVRXg.json
JTv4IbFzI7M	ok		./dslab/metadata/JTv4IbFzI7M.json
zYCAz88WjHc	ok		./dslab/metadata/zYCAz88WjHc.json
ZNHNVWUMTJA	ok		./dslab/metadata/ZNHNVWUMTJA.json
w1YmNcW19oI	ok		./dslab/metadata/w1YmNcW19oI.json
kqYbJoebrwE	ok		./dslab/metadata/kqYbJoebrwE.json
f7_WwFmlslo	ok		./dslab/metadata/f7_WwFmlslo.json
LDHGENv1NP4	ok		./dslab/metadata/LDHGENv1NP4.json
O4AFJT4A858	ok		./dslab/metadata/O4AFJT4A858.json
e4SHN7iaddE	ok		./dslab/metadata/e4SHN7iaddE.json
QIYyeuZ_ISY	ok		./dslab/metadata/QIYyeuZ_ISY.json
uKmvW9KSIdk	private	[youtube] uKmvW9KSIdk: Private video	
sX1molasWig	private	[youtube] sX1molasWig: Private video	
IUl6ZfA3H7o	private	[youtube] IUl6ZfA3H7o: Private video	
2mQ4kc9J9uQ	private	[youtube] 2mQ4kc9J9uQ: Private video	
