playlist_index,title,id,view_count,like_count,comment_count,upload_date,upload_date_iso,duration,duration_string,channel,uploader,url
1,How to download a file from google drive into your R IDE,iNWBG3x4QVc,251,2,0,20240719,2024-07-19,258,4:18,Mauro Lepore,Mauro Lepore,https://www.youtube.com/watch?v=iNWBG3x4QVc
2,The  simplest way to run multiple R sessions in the same IDE,bR0RYYwiDRM,615,5,1,20240719,2024-07-19,142,2:22,Mauro Lepore,Mauro Lepore,https://www.youtube.com/watch?v=bR0RYYwiDRM
3,Creating an empty R package up to the best standards,AFuVF0oWFMY,126,1,0,20240716,2024-07-16,1415,23:35,Mauro Lepore,Mauro Lepore,https://www.youtube.com/watch?v=AFuVF0oWFMY
4,Continuously build and deploy a shiny app on Google Cloud Run,PRKOMCCOlI0,688,12,2,20240705,2024-07-05,1028,17:08,Mauro Lepore,Mauro Lepore,https://www.youtube.com/watch?v=PRKOMCCOlI0
5,`gh pr` allows you to work with GitHub pull requests from your terminal,EaJqUQkDo48,549,2,0,20240705,2024-07-05,163,2:43,Mauro Lepore,Mauro Lepore,https://www.youtube.com/watch?v=EaJqUQkDo48
6,gh  repo create and gh browse to create and browse a GitHub repo from the terminal,q-hsaxVA1kc,357,2,0,20240703,2024-07-03,75,1:15,Mauro Lepore,Mauro Lepore,https://www.youtube.com/watch?v=q-hsaxVA1kc
7,dbt structure,gGXwszGqZxM,40,,0,20240624,2024-06-24,406,6:46,Mauro Lepore,Mauro Lepore,https://www.youtube.com/watch?v=gGXwszGqZxM
8,dbt usage,nL3Qr7bvlg4,32,1,0,20240623,2024-06-23,263,4:23,Mauro Lepore,Mauro Lepore,https://www.youtube.com/watch?v=nL3Qr7bvlg4
9,dbt installation,QxgEn2fwIOk,76,1,0,20240622,2024-06-22,183,3:03,Mauro Lepore,Mauro Lepore,https://www.youtube.com/watch?v=QxgEn2fwIOk
10,dbt overview,WmzqpTZtFAw,17,,0,20240621,2024-06-21,234,3:54,Mauro Lepore,Mauro Lepore,https://www.youtube.com/watch?v=WmzqpTZtFAw
11,Avoid recomputing if you can! Instead memoise,GDgir1XXOkw,43,3,0,20240606,2024-06-06,118,1:58,Mauro Lepore,Mauro Lepore,https://www.youtube.com/watch?v=GDgir1XXOkw
12,A systematic debugging workflow,AUIJif93OJA,64,,0,20240604,2024-06-04,493,8:13,Mauro Lepore,Mauro Lepore,https://www.youtube.com/watch?v=AUIJif93OJA
13,Suggest/commit changes directly on a GitHub PR,ciJpIWs3t3k,7007,15,1,20240604,2024-06-04,82,1:22,Mauro Lepore,Mauro Lepore,https://www.youtube.com/watch?v=ciJpIWs3t3k
14,ds databricks4r: Databricks for RStudio users,-HTH2ylnT7Q,1166,10,1,20231022,2023-10-22,2581,43:01,Mauro Lepore,Mauro Lepore,https://www.youtube.com/watch?v=-HTH2ylnT7Q
15,ds.production: From an MVP to production,5wHl9N4fBBU,87,1,0,20230617,2023-06-17,2215,36:55,Mauro Lepore,Mauro Lepore,https://www.youtube.com/watch?v=5wHl9N4fBBU
16,ds.database: Using a Relational Database Management System (RDBMS),H9lARi3re9I,335,3,0,20220927,2022-09-27,957,15:57,Mauro Lepore,Mauro Lepore,https://www.youtube.com/watch?v=H9lARi3re9I
17,ds.database: Validate data quality,Ulz8Vfnr2P4,107,1,0,20220920,2022-09-20,1621,27:01,Mauro Lepore,Mauro Lepore,https://www.youtube.com/watch?v=Ulz8Vfnr2P4
18,ds.database: Relational data with the dm package,DeLK1OKNQlw,251,1,0,20220913,2022-09-13,1456,24:16,Mauro Lepore,Mauro Lepore,https://www.youtube.com/watch?v=DeLK1OKNQlw
19,ds.database: Relational data with dplyr,qvQ_YmyjK0U,126,3,0,20220830,2022-08-30,1550,25:50,Mauro Lepore,Mauro Lepore,https://www.youtube.com/watch?v=qvQ_YmyjK0U
20,Project management on GitHub,qqKhQdejUOM,8727,121,5,20220823,2022-08-23,1886,31:26,Mauro Lepore,Mauro Lepore,https://www.youtube.com/watch?v=qqKhQdejUOM
21,Data science on a chromebook,uDx9NkoBqv8,875,10,2,20220816,2022-08-16,1134,18:54,Mauro Lepore,Mauro Lepore,https://www.youtube.com/watch?v=uDx9NkoBqv8
22,ds.tmux,00i28kdk8cM,88,3,0,20220808,2022-08-08,1048,17:28,Mauro Lepore,Mauro Lepore,https://www.youtube.com/watch?v=00i28kdk8cM
23,ds.rpy: Running Python code from RStudio,moAei68dxr0,373,4,0,20220726,2022-07-26,1622,27:02,Mauro Lepore,Mauro Lepore,https://www.youtube.com/watch?v=moAei68dxr0
24,cloud: More ways to move data,VRG95a4aBW4,30,,0,20220712,2022-07-12,1717,28:37,Mauro Lepore,Mauro Lepore,https://www.youtube.com/watch?v=VRG95a4aBW4
25,cloud: move data between a server and GitHub with the gh CLI,mamqEBZpbtw,41,,0,20220628,2022-06-28,1740,29:00,Mauro Lepore,Mauro Lepore,https://www.youtube.com/watch?v=mamqEBZpbtw
26,cloud: Resize data storage and share data with pins,yldd8trFbaQ,22,,0,20220621,2022-06-21,1459,24:19,Mauro Lepore,Mauro Lepore,https://www.youtube.com/watch?v=yldd8trFbaQ
27,cloud: Use case -- host shiny apps,JdFA31-vJUE,115,4,1,20220614,2022-06-14,1678,27:58,Mauro Lepore,Mauro Lepore,https://www.youtube.com/watch?v=JdFA31-vJUE
28,cloud: Use cases,NF7HPKt55Yk,25,,0,20220607,2022-06-07,1675,27:55,Mauro Lepore,Mauro Lepore,https://www.youtube.com/watch?v=NF7HPKt55Yk
29,cloud: Introduction to cloud computing,_pBqBfjTKI4,39,2,0,20220531,2022-05-31,1827,30:27,Mauro Lepore,Mauro Lepore,https://www.youtube.com/watch?v=_pBqBfjTKI4
30,terminal. Running commands as administrator,NuXgJtl9QDw,37,,0,20220524,2022-05-24,1083,18:03,Mauro Lepore,Mauro Lepore,https://www.youtube.com/watch?v=NuXgJtl9QDw
32,terminal: Create a custom command as a user in a multi-user system,jyBv5ITO718,16,,0,20220517,2022-05-17,2013,33:33,Mauro Lepore,Mauro Lepore,https://www.youtube.com/watch?v=jyBv5ITO718
33,terminal: Find things,iYlKc0BTjBk,45,1,0,20220510,2022-05-10,1074,17:54,Mauro Lepore,Mauro Lepore,https://www.youtube.com/watch?v=iYlKc0BTjBk
34,ds.terminal: Use case - customize and reuse your home,BYtt2cXW4qg,25,,0,20220503,2022-05-03,1641,27:21,Mauro Lepore,Mauro Lepore,https://www.youtube.com/watch?v=BYtt2cXW4qg
35,terminal: Modify your file system,DVmvsZk-9F4,87,2,0,20220425,2022-04-25,1994,33:14,Mauro Lepore,Mauro Lepore,https://www.youtube.com/watch?v=DVmvsZk-9F4
36,terminal: Start a terminal and navigate your files system,V2oSfukR4mw,19,,0,20220419,2022-04-19,1578,26:18,Mauro Lepore,Mauro Lepore,https://www.youtube.com/watch?v=V2oSfukR4mw
37,terminal: Setup and navigate,2Lcba2K8j6M,16,,0,20220419,2022-04-19,922,15:22,Mauro Lepore,Mauro Lepore,https://www.youtube.com/watch?v=2Lcba2K8j6M
38,terminal overview,yOJZHRGF3Bk,41,1,0,20220412,2022-04-12,1697,28:17,Mauro Lepore,Mauro Lepore,https://www.youtube.com/watch?v=yOJZHRGF3Bk
39,pins: Sharing versions of a dataset with pins and Dropbox,VCHu0uhGo2g,40,,0,20220405,2022-04-05,1714,28:34,Mauro Lepore,Mauro Lepore,https://www.youtube.com/watch?v=VCHu0uhGo2g
40,WTF: Debugging R code,tLvRWRWeQK4,56,2,0,20220329,2022-03-29,1843,30:43,Mauro Lepore,Mauro Lepore,https://www.youtube.com/watch?v=tLvRWRWeQK4
41,wtf: Installing R packages (part 2),9yrckf6Km-U,129,,0,20220322,2022-03-22,1655,27:35,Mauro Lepore,Mauro Lepore,https://www.youtube.com/watch?v=9yrckf6Km-U
42,Set up a custom user library to install R packages,sbp5Q8niTho,2691,22,0,20220318,2022-03-18,626,10:26,Mauro Lepore,Mauro Lepore,https://www.youtube.com/watch?v=sbp5Q8niTho
43,wtf: Installing R packages (part 1),XG8DetPZP4c,84,1,0,20220315,2022-03-15,1828,30:28,Mauro Lepore,Mauro Lepore,https://www.youtube.com/watch?v=XG8DetPZP4c
44,A demo of the package r2dii.plot (by Monika),CRcK0SCxGBQ,74,1,0,20220301,2022-03-01,2144,35:44,Mauro Lepore,Mauro Lepore,https://www.youtube.com/watch?v=CRcK0SCxGBQ
45,wtf: Name and organize files,xW05GsfhuiY,36,,0,20220222,2022-02-22,1883,31:23,Mauro Lepore,Mauro Lepore,https://www.youtube.com/watch?v=xW05GsfhuiY
46,wtf: Holistic workflow (part 2),ek3b0m1iCdk,14,,0,20220215,2022-02-15,1823,30:23,Mauro Lepore,Mauro Lepore,https://www.youtube.com/watch?v=ek3b0m1iCdk
47,wtf: Holistic workflow (part 1),cKAXDJq5ZdA,46,,0,20220208,2022-02-08,1805,30:05,Mauro Lepore,Mauro Lepore,https://www.youtube.com/watch?v=cKAXDJq5ZdA
48,webdata: Using APIs,pCo14eM-KkQ,78,1,0,20220125,2022-01-25,1343,22:23,Mauro Lepore,Mauro Lepore,https://www.youtube.com/watch?v=pCo14eM-KkQ
50,webdata: Scrapping,sPE6MLGUPy4,32,,0,20220118,2022-01-18,1904,31:44,Mauro Lepore,Mauro Lepore,https://www.youtube.com/watch?v=sPE6MLGUPy4
52,Tidy EDA: Patterns and models,Hv6DzT6Z2yA,42,2,0,20211221,2021-12-21,1435,23:55,Mauro Lepore,Mauro Lepore,https://www.youtube.com/watch?v=Hv6DzT6Z2yA
53,Tidy EDA: Covariation between two categorical variables and between two continuous variables,k8GykC4ZXW0,171,5,0,20211214,2021-12-14,1562,26:02,Mauro Lepore,Mauro Lepore,https://www.youtube.com/watch?v=k8GykC4ZXW0
54,Tidy EDA: Covariation between one categorical variable and one continuous variable,WBmLuUV5BEE,49,1,0,20211207,2021-12-07,1579,26:19,Mauro Lepore,Mauro Lepore,https://www.youtube.com/watch?v=WBmLuUV5BEE
55,EDA: Unusual and missing values,HJCUlCgEnqM,13,1,0,20211130,2021-11-30,1884,31:24,Mauro Lepore,Mauro Lepore,https://www.youtube.com/watch?v=HJCUlCgEnqM
56,"EDA with the tidyverse: Typical, unusual, and missing values",KxybJ_zVJUA,168,2,0,20211116,2021-11-16,1684,28:04,Mauro Lepore,Mauro Lepore,https://www.youtube.com/watch?v=KxybJ_zVJUA
57,EDA with the tidyverse: Exploring Variation,26hbyVb00xs,362,7,0,20211109,2021-11-09,1613,26:53,Mauro Lepore,Mauro Lepore,https://www.youtube.com/watch?v=26hbyVb00xs
58,Tidy EDA: The data-science workflow and toolkit: An overview,0-zQ69P6VsY,48,,0,20211102,2021-11-02,2218,36:58,Mauro Lepore,Mauro Lepore,https://www.youtube.com/watch?v=0-zQ69P6VsY
59,tidy EDA: Defensive workflow,YlBnarQNRR8,43,1,0,20211026,2021-10-26,2011,33:31,Mauro Lepore,Mauro Lepore,https://www.youtube.com/watch?v=YlBnarQNRR8
60,reprex: Package philosophy,q17jsQrBPt0,20,1,0,20211019,2021-10-19,938,15:38,Mauro Lepore,Mauro Lepore,https://www.youtube.com/watch?v=q17jsQrBPt0
61,reprex: Do's and don'ts,BOcl8iuiDvU,20,,0,20211012,2021-10-12,1678,27:58,Mauro Lepore,Mauro Lepore,https://www.youtube.com/watch?v=BOcl8iuiDvU
62,reprex: overview,erv1yJaNID8,78,1,0,20211005,2021-10-05,1927,32:07,Mauro Lepore,Mauro Lepore,https://www.youtube.com/watch?v=erv1yJaNID8
63,Docker: Using volumes and managing users,CvOVn2zwi3k,198,3,0,20210928,2021-09-28,2366,39:26,Mauro Lepore,Mauro Lepore,https://www.youtube.com/watch?v=CvOVn2zwi3k
64,Docker: Managing images,3_0gUMqKikw,38,1,0,20210921,2021-09-21,1822,30:22,Mauro Lepore,Mauro Lepore,https://www.youtube.com/watch?v=3_0gUMqKikw
65,Docker: managing containers,RO-OdWXfpBc,47,1,0,20210914,2021-09-14,1709,28:29,Mauro Lepore,Mauro Lepore,https://www.youtube.com/watch?v=RO-OdWXfpBc
66,docker: use cases,OieR0VDxSRk,312,5,0,20210907,2021-09-07,2281,38:01,Mauro Lepore,Mauro Lepore,https://www.youtube.com/watch?v=OieR0VDxSRk
67,Docker: docker-compose and env files,kgGCNGLyqdg,684,9,1,20210831,2021-08-31,1941,32:21,Mauro Lepore,Mauro Lepore,https://www.youtube.com/watch?v=kgGCNGLyqdg
68,Docker: Getting started with the Rocker project,qY5ForDjgGY,2117,36,1,20210824,2021-08-24,1728,28:48,Mauro Lepore,Mauro Lepore,https://www.youtube.com/watch?v=qY5ForDjgGY
69,Shiny: Wrap up and demo,uk-I5WrZsAc,19,,0,20210817,2021-08-17,1737,28:57,Mauro Lepore,Mauro Lepore,https://www.youtube.com/watch?v=uk-I5WrZsAc
70,Shiny: Publishing,c3jANTGkB1U,47,3,0,20210810,2021-08-10,1820,30:20,Mauro Lepore,Mauro Lepore,https://www.youtube.com/watch?v=c3jANTGkB1U
71,Shiny: Packages,O_tkgjsUT6g,59,1,0,20210803,2021-08-03,1662,27:42,Mauro Lepore,Mauro Lepore,https://www.youtube.com/watch?v=O_tkgjsUT6g
72,Shiny: Debugging,NgEocgBUH_A,2326,29,3,20210727,2021-07-27,1932,32:12,Mauro Lepore,Mauro Lepore,https://www.youtube.com/watch?v=NgEocgBUH_A
73,Shiny: development workflow,lq6ZhPFVLTY,54,1,0,20210720,2021-07-20,1433,23:53,Mauro Lepore,Mauro Lepore,https://www.youtube.com/watch?v=lq6ZhPFVLTY
74,Shiny: Basic reactivity,EB6ODnkdG7A,64,2,1,20210713,2021-07-13,1676,27:56,Mauro Lepore,Mauro Lepore,https://www.youtube.com/watch?v=EB6ODnkdG7A
75,Shiny: Basic reactivity,rirpOpTYVg4,258,6,0,20210629,2021-06-29,1639,27:19,Mauro Lepore,Mauro Lepore,https://www.youtube.com/watch?v=rirpOpTYVg4
76,Shiny: Basic ui and introduction to reactive(),JqqrPZdWXfQ,222,7,1,20210622,2021-06-22,1949,32:29,Mauro Lepore,Mauro Lepore,https://www.youtube.com/watch?v=JqqrPZdWXfQ
77,A/B testing r2dii.plot,C29QThEYbYY,17,,0,20210608,2021-06-08,1790,29:50,Mauro Lepore,Mauro Lepore,https://www.youtube.com/watch?v=C29QThEYbYY
78,Shiny: Your first shiny app,p-p_4ZcDIGw,275,2,0,20210601,2021-06-01,1823,30:23,Mauro Lepore,Mauro Lepore,https://www.youtube.com/watch?v=p-p_4ZcDIGw
79,Gitflow workflow,OofNbCXEVgU,162,1,0,20210525,2021-05-25,1742,29:02,Mauro Lepore,Mauro Lepore,https://www.youtube.com/watch?v=OofNbCXEVgU
80,Hazards of side effects and ways to leave the world as you found it,C0VuGkBZeKw,19,,0,20210511,2021-05-11,1522,25:22,Mauro Lepore,Mauro Lepore,https://www.youtube.com/watch?v=C0VuGkBZeKw
81,Testing: Using snapshot tests to refactor safely,UeECMfOFIHk,24,1,0,20210504,2021-05-04,1621,27:01,Mauro Lepore,Mauro Lepore,https://www.youtube.com/watch?v=UeECMfOFIHk
82,Testing: Snapshot tests,pxxcuZH9_yA,175,3,0,20210427,2021-04-27,1775,29:35,Mauro Lepore,Mauro Lepore,https://www.youtube.com/watch?v=pxxcuZH9_yA
83,Testing: Code coverage,bKRFCOkmpiw,32,3,0,20210420,2021-04-20,687,11:27,Mauro Lepore,Mauro Lepore,https://www.youtube.com/watch?v=bKRFCOkmpiw
84,Testing: Test driven development (TDD),4AOKCiAh3NM,48,,0,20210413,2021-04-13,1179,19:39,Mauro Lepore,Mauro Lepore,https://www.youtube.com/watch?v=4AOKCiAh3NM
85,Testing: Basic structure and  basic workflow,yMPV9TPH3GI,37,1,0,20210406,2021-04-06,1789,29:49,Mauro Lepore,Mauro Lepore,https://www.youtube.com/watch?v=yMPV9TPH3GI
86,Testing: Introduction,9JcJFber21w,59,3,0,20210330,2021-03-30,1794,29:54,Mauro Lepore,Mauro Lepore,https://www.youtube.com/watch?v=9JcJFber21w
87,targets: debugging,lfhuO71ikQE,137,4,0,20210309,2021-03-09,1643,27:23,Mauro Lepore,Mauro Lepore,https://www.youtube.com/watch?v=lfhuO71ikQE
88,targets: Eexternal files and literate programming,jAkNwaGRku0,178,7,0,20210302,2021-03-02,1928,32:08,Mauro Lepore,Mauro Lepore,https://www.youtube.com/watch?v=jAkNwaGRku0
89,targets: tar_cue(): Declare the rules that mark a target as outdated.,dV9C2eIo5QQ,185,2,0,20210216,2021-02-16,1613,26:53,Mauro Lepore,Mauro Lepore,https://www.youtube.com/watch?v=dV9C2eIo5QQ
90,Moving from a sequence of scripts to a pipeline of functions,SXEXcXE6Ke0,617,11,0,20210209,2021-02-09,1975,32:55,Mauro Lepore,Mauro Lepore,https://www.youtube.com/watch?v=SXEXcXE6Ke0
91,targets: Introduction,pbc6NX1n01Q,2373,31,1,20210202,2021-02-02,1962,32:42,Mauro Lepore,Mauro Lepore,https://www.youtube.com/watch?v=pbc6NX1n01Q
92,targets: Introducción,EmDubkF8DpQ,73,1,0,20210202,2021-02-02,1514,25:14,Mauro Lepore,Mauro Lepore,https://www.youtube.com/watch?v=EmDubkF8DpQ
93,Retrospective about meetups in 2020: Response,0qUs4hi7ozo,6,,0,20210119,2021-01-19,1551,25:51,Mauro Lepore,Mauro Lepore,https://www.youtube.com/watch?v=0qUs4hi7ozo
94,Undoing things with git,dZOfEF19yDk,19,1,0,20210105,2021-01-05,1288,21:28,Mauro Lepore,Mauro Lepore,https://www.youtube.com/watch?v=dZOfEF19yDk
95,Test driven development,-9QCNwmpTOE,17,1,0,20201229,2020-12-29,2359,39:19,Mauro Lepore,Mauro Lepore,https://www.youtube.com/watch?v=-9QCNwmpTOE
96,Git practices by example,eeUZ8dHsmG8,22,1,0,20201222,2020-12-22,1811,30:11,Mauro Lepore,Mauro Lepore,https://www.youtube.com/watch?v=eeUZ8dHsmG8
97,"Ejemplo de ""mejores practicas"" de Git",nSJT8NGhSTs,110,6,1,20201222,2020-12-22,2502,41:42,Mauro Lepore,Mauro Lepore,https://www.youtube.com/watch?v=nSJT8NGhSTs
98,Inspecting the history,7igKU5JVmxM,21,1,0,20201215,2020-12-15,1887,31:27,Mauro Lepore,Mauro Lepore,https://www.youtube.com/watch?v=7igKU5JVmxM
99,Remote setup: Fork (of ours),Q9S7CvXu3KY,15,,0,20201208,2020-12-08,2047,34:07,Mauro Lepore,Mauro Lepore,https://www.youtube.com/watch?v=Q9S7CvXu3KY
100,Git remotes,jYvJO2lENbY,6,,0,20201201,2020-12-01,1748,29:08,Mauro Lepore,Mauro Lepore,https://www.youtube.com/watch?v=jYvJO2lENbY
101,Merge conflicts,5gmTK8Cb-WE,16,,0,20201124,2020-11-24,2075,34:35,Mauro Lepore,Mauro Lepore,https://www.youtube.com/watch?v=5gmTK8Cb-WE
102,"Moving commits across branches, rebasing, and squashing",tbvsaXwtcPU,32,,0,20201117,2020-11-17,1875,31:15,Mauro Lepore,Mauro Lepore,https://www.youtube.com/watch?v=tbvsaXwtcPU
103,"git branch (part 2): merge, delete",zC31jaKp1jQ,20,,0,20201103,2020-11-03,1707,28:27,Mauro Lepore,Mauro Lepore,https://www.youtube.com/watch?v=zC31jaKp1jQ
104,git branch (part 1),MU8E_gpylPE,25,,0,20201027,2020-10-27,1767,29:27,Mauro Lepore,Mauro Lepore,https://www.youtube.com/watch?v=MU8E_gpylPE
105,"Good commit messages, .gitignore, GUIs",xyNydg5IUok,19,1,0,20201013,2020-10-13,1675,27:55,Mauro Lepore,Mauro Lepore,https://www.youtube.com/watch?v=xyNydg5IUok
106,"git diff sha1 sha2 -- path, mv, rm, core.editor",XRF9tge--9I,35,1,0,20201006,2020-10-06,1756,29:16,Mauro Lepore,Mauro Lepore,https://www.youtube.com/watch?v=XRF9tge--9I
107,"git status, add, rm --cached, commit, log",AxpkFkfTF8o,247,2,0,20200922,2020-09-22,1291,21:31,Mauro Lepore,Mauro Lepore,https://www.youtube.com/watch?v=AxpkFkfTF8o
108,Introduction to version control with Git: Initialize a Git repository,S4GyNTwj_sc,73,,0,20200915,2020-09-15,1861,31:01,Mauro Lepore,Mauro Lepore,https://www.youtube.com/watch?v=S4GyNTwj_sc
109,2020 09 08 code reviews -- in practice,-ho1CfoMHKQ,18,,0,20200908,2020-09-08,1778,29:38,Mauro Lepore,Mauro Lepore,https://www.youtube.com/watch?v=-ho1CfoMHKQ
110,Conversaciones productivas sobre codigo (demo),kNV8dDGF7Hw,5,,0,20200901,2020-09-01,2216,36:56,Mauro Lepore,Mauro Lepore,https://www.youtube.com/watch?v=kNV8dDGF7Hw
111,Conversaciones productivas sobre codigo (argumentos),1lpcCHfozh0,7,,0,20200901,2020-09-01,1284,21:24,Mauro Lepore,Mauro Lepore,https://www.youtube.com/watch?v=1lpcCHfozh0
112,Productive conversations about code (part 2 of 2 -- demo),H4ucsYPrC0g,7,,0,20200901,2020-09-01,2428,40:28,Mauro Lepore,Mauro Lepore,https://www.youtube.com/watch?v=H4ucsYPrC0g
113,Productive conversations about code (part 1 of 2),4IXcu1g0zfk,13,,0,20200901,2020-09-01,1732,28:52,Mauro Lepore,Mauro Lepore,https://www.youtube.com/watch?v=4IXcu1g0zfk
114,"Comparing remote setup “Ours” versus ""Fork (of ours)""",OFjlPa7Uqeo,101,,0,20200825,2020-08-25,1428,23:48,Mauro Lepore,Mauro Lepore,https://www.youtube.com/watch?v=OFjlPa7Uqeo
115,Working with Git and GitHub from RStudio (part 1),h6koYxwQFuE,55,,0,20200818,2020-08-18,1931,32:11,Mauro Lepore,Mauro Lepore,https://www.youtube.com/watch?v=h6koYxwQFuE
116,Working with Git and GitHub from RStudio (part 2),-L2A_7XvD6Y,15,,0,20200818,2020-08-18,333,5:33,Mauro Lepore,Mauro Lepore,https://www.youtube.com/watch?v=-L2A_7XvD6Y
117,Reusing your usethis setup across multiple rstudio.cloud projects,A_Q6nmUhcGA,31,,0,20200811,2020-08-11,986,16:26,Mauro Lepore,Mauro Lepore,https://www.youtube.com/watch?v=A_Q6nmUhcGA
118,"Daily Git workflows: ""Fork and clone"" explained",tetgpXHal5s,23,,0,20200804,2020-08-04,1877,31:17,Mauro Lepore,Mauro Lepore,https://www.youtube.com/watch?v=tetgpXHal5s
119,GitHub flow: The case of publishing an new blog post,zv5_OSb6lRo,24,,0,20200728,2020-07-28,2144,35:44,Mauro Lepore,Mauro Lepore,https://www.youtube.com/watch?v=zv5_OSb6lRo
120,Daily stand-ups,vpAW3j5zbX0,23,1,0,20200721,2020-07-21,1834,30:34,Mauro Lepore,Mauro Lepore,https://www.youtube.com/watch?v=vpAW3j5zbX0
121,https://github.com/2DegreesInvesting/ds-incubator/issues/50,JXfEWLZXwXY,4,,0,20200707,2020-07-07,1847,30:47,Mauro Lepore,Mauro Lepore,https://www.youtube.com/watch?v=JXfEWLZXwXY
122,Failing fast in dplyr chains,3rf1W9ceKhU,5,,0,20200630,2020-06-30,1387,23:07,Mauro Lepore,Mauro Lepore,https://www.youtube.com/watch?v=3rf1W9ceKhU
123,Setting expectations for open source participation: reprex,_y_vnRM19lc,8,,0,20200623,2020-06-23,1839,30:39,Mauro Lepore,Mauro Lepore,https://www.youtube.com/watch?v=_y_vnRM19lc
124,RStudio Team: Demo and discussion,F7JiD7oT4P8,709,5,1,20200616,2020-06-16,1746,29:06,Mauro Lepore,Mauro Lepore,https://www.youtube.com/watch?v=F7JiD7oT4P8
125,Publish a site on GitHub,F92p3elUUSE,19,,0,20200609,2020-06-09,1766,29:26,Mauro Lepore,Mauro Lepore,https://www.youtube.com/watch?v=F92p3elUUSE
126,https://github.com/2DegreesInvesting/ds-incubator/issues/47,eQ-BFO3eZX8,21,,0,20200602,2020-06-02,1705,28:25,Mauro Lepore,Mauro Lepore,https://www.youtube.com/watch?v=eQ-BFO3eZX8
127,Wrapping up our discussion on how to manage and use data,MJZ7ZsfG5lM,6,,0,20200526,2020-05-26,1723,28:43,Mauro Lepore,Mauro Lepore,https://www.youtube.com/watch?v=MJZ7ZsfG5lM
128,"Azure, RStudio server, and pins",16Xn0ueeP-E,559,2,0,20200519,2020-05-19,1627,27:07,Mauro Lepore,Mauro Lepore,https://www.youtube.com/watch?v=16Xn0ueeP-E
129,"Using drake to develop smart, reproducible workflows",_Cl4odbiG78,13,,0,20200505,2020-05-05,1229,20:29,Mauro Lepore,Mauro Lepore,https://www.youtube.com/watch?v=_Cl4odbiG78
130,The flow of data and Get data directly form the database,DfVoYtCQlfU,24,,0,20200428,2020-04-28,1788,29:48,Mauro Lepore,Mauro Lepore,https://www.youtube.com/watch?v=DfVoYtCQlfU
131,The pins package (demo and discussion),-HtB6duQnD8,11,1,0,20200421,2020-04-21,1624,27:04,Mauro Lepore,Mauro Lepore,https://www.youtube.com/watch?v=-HtB6duQnD8
132,pins,kS_0s0eS1Xw,13,,0,20200421,2020-04-21,636,10:36,Mauro Lepore,Mauro Lepore,https://www.youtube.com/watch?v=kS_0s0eS1Xw
133,Tidying data,VA3qaeTKTYk,16,,0,20200407,2020-04-07,1601,26:41,Mauro Lepore,Mauro Lepore,https://www.youtube.com/watch?v=VA3qaeTKTYk
134,r2dii.data and r2dii.match are now on CRAN: Demo and Q&A,ovbwghDjxV8,91,3,0,20200331,2020-03-31,1665,27:45,Mauro Lepore,Mauro Lepore,https://www.youtube.com/watch?v=ovbwghDjxV8
135,Refactoring: How to prepare for dplyr 1.0.0,xxtpMXvVM3s,129,,0,20200324,2020-03-24,2500,41:40,Mauro Lepore,Mauro Lepore,https://www.youtube.com/watch?v=xxtpMXvVM3s
136,Strong-style pair-programming: Submitting an R package to CRAN,BAS8yfLBnog,638,9,1,20200316,2020-03-16,3881,1:04:41,Mauro Lepore,Mauro Lepore,https://www.youtube.com/watch?v=BAS8yfLBnog
137,Pair programming,UR4vwDkJMhc,8,,0,20200310,2020-03-10,1521,25:21,Mauro Lepore,Mauro Lepore,https://www.youtube.com/watch?v=UR4vwDkJMhc
138,Watch out for type inconsistent code,o9ZHNEl8UI8,17,,0,20200303,2020-03-03,1726,28:46,Mauro Lepore,Mauro Lepore,https://www.youtube.com/watch?v=o9ZHNEl8UI8
139,R packages: Documenting,FPZfMUwV73o,10,1,0,20200225,2020-02-25,905,15:05,Mauro Lepore,Mauro Lepore,https://www.youtube.com/watch?v=FPZfMUwV73o
140,R packages: Testing,co082qNN_Cs,15,,0,20200218,2020-02-18,1690,28:10,Mauro Lepore,Mauro Lepore,https://www.youtube.com/watch?v=co082qNN_Cs
141,R packages: Data,hRUvGna0uK0,8,,0,20200211,2020-02-11,1274,21:14,Mauro Lepore,Mauro Lepore,https://www.youtube.com/watch?v=hRUvGna0uK0
142,Setup for R package development,Pi__2Hze4_0,28,,0,20200204,2020-02-04,1504,25:04,Mauro Lepore,Mauro Lepore,https://www.youtube.com/watch?v=Pi__2Hze4_0
143,R packages: The whole game,C27MVWqWSMs,30,,0,20200201,2020-02-01,618,10:18,Mauro Lepore,Mauro Lepore,https://www.youtube.com/watch?v=C27MVWqWSMs
144,An overview our our resources at 2dii,2WBj5Oex_Fc,8,,0,20200128,2020-01-28,1212,20:12,Mauro Lepore,Mauro Lepore,https://www.youtube.com/watch?v=2WBj5Oex_Fc
145,Project-oriented workflow,TEUbVjhooIg,32,,0,20200114,2020-01-14,2083,34:43,Mauro Lepore,Mauro Lepore,https://www.youtube.com/watch?v=TEUbVjhooIg
146,Creating reproducible examples,wJnI0F_A-bU,13,,0,20191210,2019-12-10,1147,19:07,Mauro Lepore,Mauro Lepore,https://www.youtube.com/watch?v=wJnI0F_A-bU
147,Avoid hidden arguments,PHFOEKXPaxI,29,,0,20191203,2019-12-03,1524,25:24,Mauro Lepore,Mauro Lepore,https://www.youtube.com/watch?v=PHFOEKXPaxI
148,Access permissions for a GitHub organization,z4RAuGrAm8c,4440,17,0,20191126,2019-11-26,1338,22:18,Mauro Lepore,Mauro Lepore,https://www.youtube.com/watch?v=z4RAuGrAm8c
149,Evita solicitudes de fusion interdependientes,hs_Pzxny7XE,13,,0,20191112,2019-11-12,1012,16:52,Mauro Lepore,Mauro Lepore,https://www.youtube.com/watch?v=hs_Pzxny7XE
150,`usethis::pr_sync()` (live ds-incubator meetup),g1PRMaTFYdk,7,,0,20191106,2019-11-06,942,15:42,Mauro Lepore,Mauro Lepore,https://www.youtube.com/watch?v=g1PRMaTFYdk
152,`usethis::pr_sync( )` (English),fnfeYPPG9gM,8,,0,20191104,2019-11-04,433,7:13,Mauro Lepore,Mauro Lepore,https://www.youtube.com/watch?v=fnfeYPPG9gM
153,`usethis::pr_synch()` (Español),xx5WNZgQEdY,7,,0,20191104,2019-11-04,375,6:15,Mauro Lepore,Mauro Lepore,https://www.youtube.com/watch?v=xx5WNZgQEdY
154,Main usethis helpers for GitHub pull requests,CLCn5ZkCbrg,18,,0,20191029,2019-10-29,2022,33:42,Mauro Lepore,Mauro Lepore,https://www.youtube.com/watch?v=CLCn5ZkCbrg
155,"Setup: GitHub, R, RStudio, and Git",YDsoKUVsJls,142,,0,20191015,2019-10-15,1088,18:08,Mauro Lepore,Mauro Lepore,https://www.youtube.com/watch?v=YDsoKUVsJls
